rgvX,rgvY,Time
5.040847301483154,15.89027214050293,Coarse,1713207542.933021,Secondary
