rgvX,rgvY,Time
42.85272979736328,42.67414855957031,Search,443.483,Primary
