X,Y,Z,Roll,Pitch,Yaw,Time
-0.2938093841075897,0.4156326651573181,3.404902696609497,0.058293338865041525,-0.026540707796812137,0.8264885703709464,STANDBY,1712770964.194771
-0.17064757645130157,0.5266745686531067,3.338310956954956,0.057576723396777885,-0.024508275091648175,0.8268667618420462,STANDBY,1712770966.222931
-0.4176778793334961,0.7667012214660645,3.4516940116882324,0.05826099216937997,-0.02598866447806367,0.830716864266668,STANDBY,1712770976.15354
-0.19599489867687225,0.3825177550315857,3.512828826904297,0.060314271599054115,-0.028084632009267897,0.8330277363446096,STANDBY,1712770985.164951
-0.06889665871858597,0.3147106468677521,3.504333019256592,0.05980679392814615,-0.026921667158603748,0.8332319418576103,STANDBY,1712770987.92896
0.0890689343214035,0.2174472212791443,3.495170831680298,0.05905845388770082,-0.026300542056560593,0.8331105271962024,STANDBY,1712770989.656447
-0.058966923505067825,-0.08847243338823318,3.3103928565979004,0.057009000331163205,-0.02688768133521089,0.8348099748280386,STANDBY,1712770995.185752
-0.09693334251642227,-0.816292405128479,3.424604892730713,0.05896583199501016,-0.026952460408210827,0.8398615876820427,STANDBY,1712771030.163428
0.0022293440997600555,-0.8853099942207336,3.449460983276367,0.059378869831561834,-0.025914493948221297,0.8401415506985527,STANDBY,1712771032.154512
