rgvX,rgvY,Time
16.734458923339844,21.093955993652344,Search,1713200668.50062,Primary
12.9921236038208,18.606529235839844,Coarse,1713200674.207513,Primary
12.567779541015625,14.768265724182129,Coarse,1713200679.186987,Primary
12.524545669555664,15.491272926330566,Coarse,1713200687.558342,Secondary
