X (m), Y (m), Time (s), Phase
-2.95856,2.37581,102.639, Search
-3.25827,0.915499,103.139, Trail
-3.58911,-0.117768,103.638, Trail
-4.42812,0.355976,104.139, Trail
-4.89842,1.64523,104.638, Trail
