X (m), Y (m), Time (s), Phase
4.84373,2.53773,186.588, Search
4.61615,1.567,187.088, Trail
4.56726,-0.501145,187.588, Trail
3.82061,-2.84798,188.089, Trail
