X (m), Y (m), Time (s), Phase
0.893827,1.87455,188.588, Trail
0.899713,0.517643,189.088, Trail
1.3364,0.113864,189.588, Trail
2.13712,0.11406,190.088, Trail
3.03537,0.00596339,190.588, Trail
4.15465,-0.269006,191.089, Trail
4.96606,-0.647221,191.59, Trail
5.63123,-0.968155,192.088, Trail
